{
  "version": 1,
  "author": "ADITYA",
  "editor": "wokwi",
  "parts": [
    { "type": "wokwi-arduino-uno", "id": "uno", "top": -26, "left": -125.99, "attrs": {} },
    { "type": "wokwi-ds1307", "id": "rtc1", "top": 204.29, "left": 209, "attrs": {} },
    {
      "type": "wokwi-lcd1602",
      "id": "lcd1",
      "top": -160.65,
      "left": 141.66,
      "attrs": { "pins": "i2c" }
    },
    {
      "type": "wokwi-dht22",
      "id": "dht1",
      "top": 11.25,
      "left": 255.19,
      "attrs": { "temperature": "36.6", "humidity": "49.5" }
    }
  ],
  "connections": [
    [ "rtc1:GND", "uno:GND.3", "black", [ "h0" ] ],
    [ "rtc1:5V", "uno:5V", "red", [ "h0" ] ],
    [ "rtc1:SDA", "uno:A4", "green", [ "h0" ] ],
    [ "rtc1:SCL", "uno:A5", "green", [ "h0" ] ],
    [ "lcd1:VCC", "uno:5V", "red", [ "h0" ] ],
    [ "lcd1:GND", "uno:GND.1", "black", [ "h0" ] ],
    [ "lcd1:SDA", "uno:A4.2", "green", [ "h0" ] ],
    [ "lcd1:SCL", "uno:A5.2", "green", [ "h0" ] ],
    [ "dht1:VCC", "uno:5V", "red", [ "v59.51", "h-235.58", "v-4.94" ] ],
    [ "dht1:GND", "uno:GND.3", "black", [ "v69.39", "h-246.26", "v-30.04" ] ],
    [ "uno:1", "uno:2", "green", [ "v0" ] ],
    [ "dht1:SDA", "uno:2", "yellow", [ "v21.22", "h-111.7", "v-184.2", "h-59.17" ] ]
  ],
  "dependencies": {}
}